[{"categories":null,"contents":"","permalink":"/solutions/opscore/","tags":null,"title":"Opscore"},{"categories":null,"contents":"","permalink":"/career/","tags":null,"title":"Career"},{"categories":null,"contents":"","permalink":"/solutions/cococ33/","tags":null,"title":"CoCo33"},{"categories":null,"contents":"","permalink":"/contact-us/","tags":null,"title":"Contact Us"},{"categories":null,"contents":"Elie is the initiator of ITO33. He graduated from Ecole Polytechnique de Paris in 1987. Speaking of his 8 years of experience as a volatility trader, Elie says it was just \u0026ldquo;a shortcut\u0026rdquo; into options science. Banks in those days thought they needed top engineers to deal with options. Dealing options was another story, but Elie did not mind the ellipsis, as long as he came full circle, and finally became an engineer after long being an options trader.\nElie\u0026rsquo;s shortest cut was his first day on the floor: October 19, 1987, a day marked by a huge, unpredictable crash of the stock market that shook the global finance industry. From that first day, Elie learned that what happened then could happen any day. Yet that day was so exceptional that even if you were to replay it some other day, you would not get the same result. The same would hold for any other day. This completely ruled out the notion of \u0026ldquo;truth\u0026rdquo; in the markets as something you can think twice about, let alone try to reproduce, simulate or even represent by a model or algorithm. Traders need tools to help them speak everyday language, not a wizard to preach the truth to them once and for all.\nBesides a few other books and many articles, Elie published The Blank Swan at Wiley in 2010.\n","permalink":"/management/elie/","tags":null,"title":"Elie Ayache"},{"categories":null,"contents":"Philippe is Head of Financial Theory and Research at ITO33. He earned his Ph.D from Stanford University after graduating from Ecole Polytechnique de Paris. For many years, Philippe was a Professor of Finance at HEC. Anything that our pricing models may have to deal with, beyond Black-Scholes, falls squarely within his jurisdiction. This ranges from the incorporation of default risk in our convertible bond pricing PDEs to the full radiance of the smile problem in currency and equity options.\nWhen confronted with the excitement of his latest discoveries and their far-reaching implications, Philippe feels a bit like a GI embarking on a ship to Normandie in June 1944: there is no turning back!\n","permalink":"/management/philippe/","tags":null,"title":"Philippe Henrotte"},{"categories":null,"contents":"","permalink":"/publications/","tags":null,"title":"Publications"},{"categories":null,"contents":"Nothing on this page will be visible. This file exists solely to respond to /search URL.\nSetting a very low sitemap priority will tell search engines this is not important content.\n","permalink":"/search/","tags":null,"title":"Search Results"},{"categories":null,"contents":"Serge graduated from ESSEC, the French business school, in 1986, before leading a long and successful banking career in Paris, London and New-York as a fixed-income specialist, for names like CCF, UBS and Credit Suisse. He gained significant experience in market-making, trading, and risk-management. Serge is a co-founder of ITO33, and the one in charge of our business and commercial endeavors. He delights in the possibility that ITO33 may grow to captivate the financial services community as a company with a grand vision and lofty aspirations, while being grounded in its research, engineering and hands-on spirit. His happier moments include when he feels he has earned a new client\u0026rsquo;s trust and support.\nProducts such as Opscore, which are live on the most sophisticated convertible bond desks, Serge likes to call our \u0026ldquo;produits finis\u0026rdquo;. Everyone knows what they do better than any other software package, everyone knows what they cost. As for our \u0026ldquo;produits infinis\u0026rdquo; (and by that Serge means our ongoing scientific research), they are literally priceless.\n","permalink":"/management/serge-kouyoumjian/","tags":null,"title":"Serge Kouyoumjian"},{"categories":null,"contents":"","permalink":"/our-clients/","tags":null,"title":"The Management"},{"categories":null,"contents":"","permalink":"/solutions/volatilitymanagement/","tags":null,"title":"Volatility Management"}]