<?xml version="1.0" encoding="utf-8" standalone="yes"?>
<rss version="2.0" xmlns:atom="http://www.w3.org/2005/Atom">
  <channel>
    <title>The Management on ITO33</title>
    <link>/management/</link>
    <description>Recent content in The Management on ITO33</description>
    <generator>Hugo -- gohugo.io</generator>
    <language>en-us</language><atom:link href="/management/index.xml" rel="self" type="application/rss+xml" />
    <item>
      <title>Elie Ayache</title>
      <link>/management/elie/</link>
      <pubDate>Mon, 01 Jan 0001 00:00:00 +0000</pubDate>
      
      <guid>/management/elie/</guid>
      <description>Elie is the initiator of ITO33. He graduated from Ecole Polytechnique de Paris in 1987. Speaking of his 8 years of experience as a volatility trader, Elie says it was just &amp;ldquo;a shortcut&amp;rdquo; into options science. Banks in those days thought they needed top engineers to deal with options. Dealing options was another story, but Elie did not mind the ellipsis, as long as he came full circle, and finally became an engineer after long being an options trader.</description>
    </item>
    
    <item>
      <title>Philippe Henrotte</title>
      <link>/management/philippe/</link>
      <pubDate>Mon, 01 Jan 0001 00:00:00 +0000</pubDate>
      
      <guid>/management/philippe/</guid>
      <description>Philippe is Head of Financial Theory and Research at ITO33. He earned his Ph.D from Stanford University after graduating from Ecole Polytechnique de Paris. For many years, Philippe was a Professor of Finance at HEC. Anything that our pricing models may have to deal with, beyond Black-Scholes, falls squarely within his jurisdiction. This ranges from the incorporation of default risk in our convertible bond pricing PDEs to the full radiance of the smile problem in currency and equity options.</description>
    </item>
    
    <item>
      <title>Serge Kouyoumjian</title>
      <link>/management/serge-kouyoumjian/</link>
      <pubDate>Mon, 01 Jan 0001 00:00:00 +0000</pubDate>
      
      <guid>/management/serge-kouyoumjian/</guid>
      <description>Serge graduated from ESSEC, the French business school, in 1986, before leading a long and successful banking career in Paris, London and New-York as a fixed-income specialist, for names like CCF, UBS and Credit Suisse. He gained significant experience in market-making, trading, and risk-management. Serge is a co-founder of ITO33, and the one in charge of our business and commercial endeavors. He delights in the possibility that ITO33 may grow to captivate the financial services community as a company with a grand vision and lofty aspirations, while being grounded in its research, engineering and hands-on spirit.</description>
    </item>
    
  </channel>
</rss>
