<?xml version="1.0" encoding="utf-8" standalone="yes"?>
<rss version="2.0" xmlns:atom="http://www.w3.org/2005/Atom">
  <channel>
    <title>Solutions on ITO33</title>
    <link>/solutions/</link>
    <description>Recent content in Solutions on ITO33</description>
    <generator>Hugo -- gohugo.io</generator>
    <language>en-us</language>
    <lastBuildDate>Fri, 18 Feb 2022 10:47:55 +0000</lastBuildDate><atom:link href="/solutions/index.xml" rel="self" type="application/rss+xml" />
    <item>
      <title>Opscore</title>
      <link>/solutions/opscore/</link>
      <pubDate>Fri, 18 Feb 2022 10:47:55 +0000</pubDate>
      
      <guid>/solutions/opscore/</guid>
      <description></description>
    </item>
    
    <item>
      <title>CoCo33</title>
      <link>/solutions/cococ33/</link>
      <pubDate>Mon, 01 Jan 0001 00:00:00 +0000</pubDate>
      
      <guid>/solutions/cococ33/</guid>
      <description></description>
    </item>
    
    <item>
      <title>Volatility Management</title>
      <link>/solutions/volatilitymanagement/</link>
      <pubDate>Mon, 01 Jan 0001 00:00:00 +0000</pubDate>
      
      <guid>/solutions/volatilitymanagement/</guid>
      <description></description>
    </item>
    
  </channel>
</rss>
